gender,faculty,age,has_scholarship,hours_studied_weekly,attendance_rate,previous_mark,exam_score
Male,Biology,23,False,10.5,91.8,67.33,73.9
Female,Computer Science,20,False,9.4,88.0,67.43,70.7
Female,Biology,20,False,20.6,89.6,42.29,91.8
Male,Physics,19,False,13.5,98.8,89.56,69.0
Female,Biology,18,True,10.7,93.2,73.82,100.0
Male,Computer Science,23,True,17.6,84.7,82.53,65.1
Female,Biology,23,False,24.3,87.8,65.59,60.9
Male,Economics,19,False,16.3,68.4,71.39,52.3
Female,Physics,23,False,17.3,97.0,62.89,79.3
Female,Biology,19,False,9.6,89.1,75.35,77.5
Female,Economics,19,True,15.5,92.3,64.38,77.5
Male,Mathematics,21,False,12.0,80.7,77.49,70.9
Female,Computer Science,23,False,21.2,101.1,94.04,68.8
Male,Biology,19,False,7.1,109.2,84.44,64.7
Male,Mathematics,18,True,10.6,78.0,79.39,49.0
Female,Physics,23,False,12.9,100.0,85.4,57.6
Female,Physics,24,False,15.5,73.4,51.31,65.1
Female,Economics,19,False,11.5,66.3,83.53,48.4
Male,Mathematics,18,True,17.2,93.5,76.36,77.8
Female,Mathematics,22,False,18.1,88.6,82.55,95.2
Male,Physics,19,True,13.4,87.8,69.72,79.1
Female,Biology,21,True,18.5,75.3,65.96,69.7
Female,Mathematics,23,False,12.1,81.2,67.56,41.4
Male,Computer Science,23,True,22.2,96.5,74.14,68.6
Female,Computer Science,22,True,15.5,75.9,52.71,81.9
Male,Mathematics,18,False,16.5,93.2,71.68,93.8
Male,Computer Science,21,False,16.6,84.0,37.87,77.6
Female,Economics,21,False,14.9,69.7,70.21,30.1
Male,Economics,21,False,20.8,77.6,59.48,50.8
Female,Computer Science,18,False,16.1,85.2,69.73,48.4
Female,Economics,19,False,14.2,89.6,67.45,60.2
Female,Physics,19,False,9.5,97.4,77.36,100.0
Male,Computer Science,19,False,24.8,86.4,81.81,52.7
Male,Computer Science,20,False,24.2,86.4,60.29,66.4
Female,Biology,20,False,8.0,78.2,93.32,63.8
Male,Computer Science,19,True,20.8,98.3,80.43,77.5
Male,Computer Science,20,True,9.3,82.0,74.11,43.4
Female,Computer Science,20,False,23.0,99.9,91.22,59.1
Male,Economics,19,False,21.3,82.9,67.1,74.9
Male,Computer Science,24,True,9.8,84.5,78.33,50.5
Male,Computer Science,20,False,14.7,93.3,83.57,52.7
Male,Computer Science,23,False,17.6,94.2,89.02,63.7
Female,Computer Science,20,True,18.4,84.1,73.87,56.2
Female,Computer Science,22,True,5.6,104.9,74.53,68.5
Male,Computer Science,19,True,21.8,77.3,59.96,75.6
Male,Biology,18,False,14.8,90.3,81.35,53.3
Female,Computer Science,21,False,8.7,75.2,84.37,76.7
Female,Physics,24,False,15.8,87.1,74.755,85.0
Female,Biology,20,True,7.6,78.6,78.47,52.5
Male,Physics,20,False,17.9,76.2,91.95,74.0
Female,Mathematics,19,True,-0.2,94.4,74.755,65.0
Male,Physics,24,True,17.2,81.2,90.79,89.5
Female,Computer Science,22,False,11.7,81.5,71.05,63.1
Female,Computer Science,21,False,19.8,92.9,76.61,67.3
Female,Biology,21,False,8.4,85.2,77.39,50.6
Female,Mathematics,24,False,15.8,75.6,73.24,59.9
Male,Biology,23,False,8.6,83.1,72.95,75.4
Male,Physics,19,False,16.9,97.7,66.28,91.0
Male,Mathematics,21,True,13.3,85.1,62.65,60.9
Male,Physics,19,False,5.8,83.0,67.91,86.9
Female,Physics,20,True,20.3,73.3,74.54,58.6
Male,Economics,19,False,8.8,66.4,62.21,52.8
Female,Physics,19,False,23.0,87.4,61.88,84.8
Female,Physics,23,True,19.1,87.1,91.59,63.6
Male,Biology,23,False,13.3,70.8,80.84,82.6
Female,Computer Science,24,False,8.9,100.3,81.05,58.6
Male,Physics,19,False,15.0,88.9,89.28,70.5
Male,Computer Science,18,False,7.4,93.3,79.08,88.7
Male,Computer Science,23,False,14.8,87.2,98.82,51.0
Female,Computer Science,23,False,19.4,59.8,73.53,57.1
Male,Mathematics,19,False,4.7,67.9,86.04,63.7
Male,Physics,22,True,12.2,94.9,66.42,93.3
Female,Biology,24,True,8.3,87.3,72.12,94.0
Male,Mathematics,21,True,19.1,90.8,74.755,81.8
Female,Biology,22,False,11.9,98.0,74.74,86.1
Male,Mathematics,20,False,15.5,75.3,69.02,77.7
Female,Mathematics,22,False,13.0,90.8,66.52,98.2
Male,Computer Science,24,False,12.3,90.9,63.6,80.3
Female,Mathematics,19,False,12.7,80.8,69.53,100.0
Female,Computer Science,21,False,14.8,82.3,64.64,58.9
Male,Physics,22,False,24.1,80.2,81.83,70.6
Male,Computer Science,18,True,24.4,84.3,65.88,80.8
Female,Computer Science,24,False,16.6,96.4,71.62,92.0
Female,Biology,23,True,19.5,93.8,78.58,54.7
Female,Mathematics,18,False,20.5,87.9,64.85,90.6
Female,Computer Science,20,False,6.2,88.9,81.3,86.9
Female,Physics,20,False,10.5,81.7,53.55,54.2
Male,Computer Science,19,False,17.0,78.5,84.99,61.7
Female,Computer Science,21,False,7.6,87.6,55.94,70.9
Female,Physics,21,False,19.8,88.5,60.74,89.9
Female,Computer Science,20,False,16.5,84.5,85.92,84.4
Male,Physics,21,False,1.6,71.4,77.03,65.7
Female,Computer Science,18,True,10.1,87.5,66.34,79.3
Male,Biology,23,False,13.4,86.0,86.01,83.5
Female,Physics,22,False,24.1,73.3,91.0,100.0
Female,Computer Science,18,True,9.4,83.7,73.31,83.8
Male,Physics,19,True,15.4,88.3,63.48,100.0
Male,Mathematics,18,False,16.7,67.3,51.07,86.5
Male,Computer Science,21,False,19.3,106.0,82.67,67.5
Male,Mathematics,22,False,15.8,94.7,71.72,100.0
Female,Biology,18,False,14.1,75.8,72.54,70.4
Female,Physics,20,True,11.4,80.4,76.97,80.0
Female,Computer Science,18,False,16.4,81.8,59.67,62.1
Male,Mathematics,18,True,13.2,95.6,76.49,58.1
Female,Economics,23,False,10.5,96.4,63.14,81.9
Male,Computer Science,21,False,19.1,74.9,79.89,77.9
Female,Computer Science,24,True,5.3,92.6,80.74,46.4
Female,Mathematics,22,False,17.0,90.4,83.75,60.8
Female,Mathematics,18,True,15.8,83.6,62.76,85.2
Male,Economics,22,True,-3.4,91.4,103.63,62.2
Male,Computer Science,20,True,11.8,84.8,60.56,92.6
Female,Biology,20,False,3.9,77.1,84.67,86.3
Female,Biology,20,True,8.2,96.4,69.14,76.3
Male,Computer Science,19,False,12.5,74.9,92.1,87.4
Male,Physics,20,False,17.0,95.7,82.43,91.4
Male,Biology,18,False,18.6,87.2,71.65,70.3
Female,Physics,19,False,9.4,86.8,44.56,100.0
Male,Physics,22,True,11.3,94.4,99.96,61.8
Male,Biology,18,False,12.3,82.6,81.31,63.4
Male,Biology,18,False,9.7,80.8,95.78,67.9
Female,Computer Science,20,False,19.0,71.1,64.43,32.3
Male,Biology,18,False,19.3,85.3,77.37,80.5
Female,Physics,19,False,16.7,85.2,74.3,85.8
Male,Computer Science,24,False,16.4,81.7,53.84,89.6
Female,Physics,21,False,15.5,81.6,88.97,100.0
Male,Mathematics,24,False,15.1,99.9,68.69,74.8
Male,Physics,19,False,24.1,86.9,63.83,67.1
Female,Biology,22,True,13.2,88.3,66.69,100.0
Male,Biology,19,False,21.6,82.8,74.755,61.7
Female,Computer Science,21,True,19.3,82.5,60.87,92.8
Female,Computer Science,19,False,12.5,93.3,86.68,100.0
Male,Physics,22,False,22.4,57.5,75.24,61.2
Male,Physics,21,False,15.7,92.8,92.24,72.7
Female,Biology,21,True,9.7,85.2,101.85,63.0
Female,Biology,22,False,10.2,90.3,70.63,57.1
Male,Biology,18,False,18.1,76.9,63.05,67.5
Male,Physics,22,True,17.5,85.2,80.56,61.7
Male,Computer Science,21,True,20.6,86.4,64.38,78.4
Female,Physics,21,False,14.8,85.7,77.76,57.0
Female,Biology,24,False,15.5,91.2,79.47,73.7
Male,Biology,21,True,11.1,59.9,87.48,43.4
Female,Computer Science,22,False,15.1,83.5,66.05,57.6
Male,Biology,18,True,4.8,87.1,71.86,84.3
Female,Computer Science,21,False,16.5,76.7,85.27,74.7
Female,Biology,24,False,16.5,67.9,66.75,60.1
Male,Biology,20,False,6.8,87.4,64.38,67.4
Female,Mathematics,19,False,18.4,84.3,63.54,100.0
Male,Computer Science,23,False,18.8,94.5,72.61,84.1
Male,Mathematics,21,False,10.7,85.8,79.77,66.1
Female,Computer Science,19,True,19.1,99.9,80.22,79.1
Male,Computer Science,23,False,14.6,90.6,85.65,56.9
Male,Biology,23,True,20.8,93.9,93.45,93.2
Male,Mathematics,19,False,16.7,79.6,62.85,71.9
Female,Computer Science,24,False,17.6,79.7,60.22,84.4
Male,Biology,18,False,6.0,75.1,85.1,56.7
Male,Mathematics,24,True,18.4,95.3,72.02,94.2
Male,Physics,21,True,14.8,63.6,54.74,92.6
Male,Computer Science,19,False,22.4,97.3,89.18,81.4
Male,Biology,23,True,9.2,90.8,83.59,66.2
Male,Computer Science,19,False,3.1,85.2,70.37,70.0
Female,Biology,24,False,16.8,84.4,62.82,85.8
Female,Computer Science,22,False,17.6,90.1,67.75,82.9
Female,Biology,22,True,11.4,82.3,65.21,71.1
Female,Biology,22,False,17.1,90.6,60.95,81.3
Male,Biology,24,False,29.7,99.8,70.46,100.0
Female,Physics,18,False,12.4,83.4,76.52,56.8
Female,Biology,20,False,6.3,73.8,90.02,86.3
Female,Biology,21,True,15.9,85.2,71.27,66.7
Male,Computer Science,22,False,21.1,81.2,74.89,98.8
Male,Mathematics,18,False,4.0,99.3,60.13,63.4
Male,Mathematics,22,False,10.8,89.4,72.66,82.4
Female,Mathematics,24,False,17.4,84.5,63.23,53.9
Male,Computer Science,19,False,11.0,87.2,70.91,75.8
Male,Economics,19,True,24.5,76.2,63.17,74.0
Female,Physics,19,False,8.4,76.6,81.88,43.3
Male,Mathematics,22,True,15.4,85.4,73.75,84.3
Male,Computer Science,23,True,11.6,95.2,86.79,64.2
Male,Biology,24,True,19.4,91.8,72.01,55.0
Male,Physics,22,True,20.2,85.2,91.19,78.7
Female,Physics,24,True,7.5,74.2,70.91,77.6
Male,Economics,23,False,9.2,88.0,79.02,65.4
Male,Computer Science,21,False,14.1,90.2,68.92,83.0
Female,Biology,24,False,14.6,76.6,44.98,100.0
Female,Biology,20,False,20.9,93.8,80.2,72.7
Male,Mathematics,20,True,21.4,83.8,59.81,79.1
Male,Physics,20,False,15.7,79.4,60.57,66.0
Male,Mathematics,19,False,15.6,96.9,74.755,70.7
Female,Computer Science,19,False,17.0,74.3,74.7,93.9
Female,Biology,22,False,12.0,85.2,72.95,97.6
Female,Mathematics,19,False,14.8,83.5,82.57,60.4
Female,Computer Science,22,False,11.9,77.4,74.13,60.9
Male,Computer Science,20,False,18.6,94.3,75.85,85.9
Female,Physics,18,False,18.4,85.2,84.3,60.2
Male,Physics,20,True,18.7,86.5,66.46,100.0
Male,Physics,18,False,9.8,89.1,68.33,64.9
Female,Computer Science,19,False,15.2,87.1,87.13,83.6
Male,Computer Science,18,False,20.0,90.7,68.51,96.6
Male,Physics,18,True,14.0,90.7,79.99,83.6
Male,Computer Science,24,True,17.0,106.9,75.95,72.8
Female,Computer Science,21,False,13.2,69.6,78.7,57.5
Male,Economics,22,True,13.1,92.3,71.57,82.3
Male,Economics,19,False,17.5,87.6,66.77,60.9
Male,Economics,24,False,17.3,83.8,74.03,76.4
Female,Biology,20,False,14.4,95.2,74.755,50.6
Male,Mathematics,22,False,21.2,100.0,61.11,66.7
Female,Mathematics,24,True,18.6,86.5,77.62,53.5
Male,Physics,23,False,14.6,75.8,65.98,63.0
Female,Computer Science,19,False,10.0,82.2,67.62,90.6
Female,Computer Science,20,True,23.4,83.1,75.66,69.2
Male,Physics,21,False,15.4,85.8,72.55,56.2
Male,Mathematics,20,True,9.8,86.5,73.97,79.1
Male,Physics,21,False,20.8,88.3,74.755,74.0
Male,Computer Science,22,False,11.6,84.3,86.85,77.9
Female,Economics,24,False,6.5,96.4,54.61,83.1
Male,Computer Science,21,False,13.2,102.2,85.74,76.3
Female,Physics,21,True,14.9,100.2,81.87,68.8
Male,Biology,23,False,18.2,81.0,81.95,64.2
Male,Computer Science,20,True,18.9,86.9,80.35,61.1
Male,Economics,19,False,15.0,89.8,74.95,57.9
Male,Biology,22,False,16.3,62.4,79.28,56.8
Male,Physics,22,True,14.5,84.4,68.53,81.3
Male,Physics,20,False,13.4,99.3,71.42,84.4
Female,Biology,18,False,17.0,80.6,70.74,70.6
Male,Computer Science,21,True,14.8,73.2,52.07,64.5
Female,Computer Science,24,False,18.2,72.4,56.09,76.5
Female,Biology,21,False,22.3,104.4,74.11,64.0
Female,Biology,23,False,7.3,82.3,59.8,80.4
Male,Physics,20,True,14.7,75.0,63.5,49.8
Female,Physics,21,False,3.2,90.0,78.19,68.0
Male,Biology,19,False,12.3,92.1,76.21,75.1
Female,Economics,19,False,12.2,91.1,64.5,69.0
Female,Economics,19,False,9.8,89.1,49.8,75.8
Male,Mathematics,18,False,15.2,87.4,87.72,100.0
Female,Physics,21,False,22.0,93.1,63.17,60.0
Female,Mathematics,21,False,12.5,79.9,89.58,78.4
Female,Biology,18,True,9.0,94.9,72.05,81.1
Female,Computer Science,20,False,23.1,80.0,69.46,69.4
Female,Physics,18,False,10.7,84.9,71.11,57.9
Male,Computer Science,20,False,14.7,78.6,74.755,81.5
Male,Physics,18,False,17.5,84.8,92.78,77.5
Male,Biology,23,True,20.1,93.3,72.28,67.3
Male,Economics,21,False,12.9,76.8,74.755,77.2
Male,Biology,22,False,10.8,84.2,87.02,48.7
Female,Biology,21,True,18.1,111.0,85.26,70.5
Male,Computer Science,19,False,14.4,63.0,54.58,61.5
Male,Physics,21,False,17.7,69.5,73.13,64.8
Male,Computer Science,24,True,20.1,86.1,71.24,69.1
Male,Biology,20,True,15.7,85.2,84.98,78.4
Male,Computer Science,23,False,18.5,84.7,74.87,68.7
Female,Mathematics,19,False,15.3,91.7,89.39,70.4
Female,Physics,24,False,29.0,82.5,67.15,73.0
Female,Physics,18,False,12.8,71.5,92.86,82.3
Female,Biology,23,False,13.8,85.2,84.26,78.9
Female,Biology,19,False,1.5,78.7,57.84,89.8
Male,Computer Science,20,False,27.5,92.6,75.79,71.4
Male,Computer Science,24,False,25.4,74.0,74.16,73.0
Male,Mathematics,24,False,18.2,80.5,79.19,64.3
Female,Physics,20,False,14.8,81.6,75.01,100.0
Male,Mathematics,24,False,14.8,85.2,86.68,63.1
Female,Computer Science,22,False,14.8,86.6,58.32,79.5
Male,Physics,24,True,14.6,88.0,63.71,65.7
Male,Computer Science,18,True,5.6,80.4,69.07,84.9
Male,Economics,23,False,25.3,86.0,100.84,73.2
Male,Computer Science,19,False,28.2,66.2,80.81,100.0
Female,Biology,19,False,21.4,67.8,74.755,64.5
Male,Computer Science,21,False,8.0,85.2,85.58,97.1
Female,Mathematics,20,False,9.8,86.3,86.51,91.8
Female,Computer Science,20,False,10.5,73.5,80.64,60.4
Male,Mathematics,20,False,7.5,85.1,89.31,57.3
Female,Mathematics,19,True,20.2,91.4,75.51,72.5
Female,Economics,20,False,11.7,79.3,85.44,85.7
Male,Economics,21,False,16.3,82.9,70.93,82.3
Female,Computer Science,23,True,14.8,87.1,66.05,60.5
Female,Physics,20,True,10.5,75.3,75.93,76.2
Male,Biology,21,False,10.9,96.8,84.94,77.0
Female,Physics,24,False,15.0,71.8,74.755,86.1
Male,Mathematics,22,False,9.0,80.5,89.68,60.0
Male,Mathematics,22,False,13.1,73.0,66.52,51.8
Female,Physics,24,False,24.0,83.7,74.755,73.0
Male,Mathematics,19,False,14.3,86.9,57.98,56.4
Male,Computer Science,23,False,15.1,93.7,57.65,60.0
Male,Biology,19,False,18.8,84.9,77.0,74.1
Female,Biology,23,True,12.6,85.2,87.74,80.9
Male,Biology,23,False,22.1,79.8,75.44,44.2
Male,Computer Science,20,True,14.9,70.5,68.24,81.2
Female,Biology,22,True,15.7,67.6,74.755,60.7
Male,Mathematics,19,False,5.5,88.3,72.2,75.7
Male,Mathematics,21,False,24.4,89.5,79.73,82.0
Male,Mathematics,22,False,16.3,93.5,79.34,55.8
Female,Biology,24,False,20.9,85.2,91.83,82.9
Female,Mathematics,21,False,16.9,92.4,72.13,63.0
Male,Physics,22,True,19.3,69.5,71.65,72.4
Female,Physics,22,False,11.2,86.7,76.13,68.4
Male,Physics,20,False,16.9,81.6,89.3,72.0
Male,Physics,23,False,14.1,105.1,79.34,91.0
Female,Computer Science,18,True,17.3,86.1,62.79,46.5
Female,Mathematics,23,False,12.9,92.9,76.32,77.1
Male,Biology,21,False,16.0,65.2,74.1,68.1
Female,Biology,23,True,16.7,66.3,67.59,90.5
Male,Computer Science,21,True,14.8,80.6,78.7,64.7
Male,Biology,21,False,9.0,93.8,76.13,89.3
Male,Physics,22,True,7.4,66.7,86.83,58.6
Male,Computer Science,24,True,25.6,92.3,67.7,94.3
Female,Biology,21,False,8.4,91.4,63.05,73.5
Female,Computer Science,21,False,17.3,77.1,80.05,52.4
Female,Economics,22,False,19.4,82.5,87.3,79.5
Female,Physics,18,False,20.9,83.4,84.05,76.7
Female,Mathematics,21,False,25.9,85.2,63.19,85.2
Male,Mathematics,23,False,9.2,81.0,74.99,98.8
Female,Physics,23,True,13.5,98.8,77.6,50.8
Female,Biology,20,True,26.8,79.3,80.58,84.1
Male,Biology,22,True,20.8,87.8,81.05,100.0
Male,Biology,21,False,6.4,100.0,95.57,67.1
Female,Mathematics,21,False,16.0,73.7,58.2,95.2
Female,Economics,22,False,11.2,91.7,83.51,62.5
Female,Computer Science,19,False,12.7,83.3,68.6,89.6
Female,Physics,24,True,18.4,80.4,72.76,81.1
Male,Physics,19,False,16.0,85.2,78.18,52.8
Male,Physics,22,True,13.8,84.1,64.02,65.5
Male,Biology,22,False,16.0,91.9,82.74,73.2
Female,Computer Science,18,False,15.2,87.5,60.42,70.2
Female,Physics,22,False,14.8,78.1,66.81,72.3
Male,Mathematics,24,False,15.5,97.7,63.91,85.7
Female,Computer Science,21,False,22.7,77.9,77.31,79.4
Female,Economics,21,True,14.2,83.1,81.5,91.9
Female,Biology,24,False,17.5,89.9,56.66,77.8
Female,Computer Science,21,False,17.5,84.7,80.58,68.4
Female,Mathematics,23,False,16.6,78.2,77.69,80.3
Female,Computer Science,20,False,10.3,84.9,67.89,75.8
Male,Computer Science,21,False,21.3,98.1,63.67,86.6
Female,Computer Science,22,False,17.9,81.9,82.84,91.2
Female,Physics,22,True,11.5,73.8,71.3,68.1
Female,Economics,19,False,7.6,86.8,81.56,99.9
Female,Biology,23,False,17.0,98.0,80.0,82.8
Male,Physics,24,True,18.6,80.2,70.79,68.7
Female,Economics,19,False,9.1,78.9,68.51,58.6
Female,Computer Science,22,True,13.9,81.6,62.72,81.9
Male,Computer Science,23,False,13.3,108.2,69.55,98.2
Female,Biology,24,False,22.3,94.6,67.15,71.2
Female,Computer Science,21,False,13.7,73.4,83.89,65.0
Male,Computer Science,19,False,17.8,81.9,74.755,55.4
Female,Physics,21,False,13.9,90.8,75.17,100.0
Female,Mathematics,24,False,14.8,81.1,79.15,72.4
Male,Computer Science,19,False,21.7,91.1,86.67,79.7
Male,Mathematics,18,False,6.9,86.1,84.05,50.0
Female,Mathematics,22,False,28.9,69.9,76.55,66.6
Male,Physics,20,False,19.0,82.3,89.48,81.7
Male,Mathematics,22,False,16.9,92.1,93.1,79.9
Male,Computer Science,19,False,15.1,78.8,80.57,66.7
Female,Computer Science,22,False,15.9,94.5,61.55,90.2
Female,Economics,19,False,15.4,85.2,83.9,88.1
Male,Computer Science,24,True,25.5,78.9,73.03,54.2
Female,Mathematics,20,False,17.6,85.2,70.36,39.4
Female,Mathematics,18,False,19.0,81.2,67.2,68.7
Male,Physics,21,False,17.2,85.8,91.67,64.9
Female,Computer Science,22,False,9.6,81.2,85.93,66.6
Female,Economics,23,True,12.6,105.8,86.33,76.4
Female,Biology,22,False,14.1,84.9,74.755,70.8
Female,Biology,19,False,19.6,110.9,65.59,69.5
Male,Economics,19,False,13.4,82.0,90.07,69.5
Female,Biology,21,False,18.4,97.2,68.43,93.5
Female,Computer Science,23,True,22.8,87.7,73.6,92.1
Female,Computer Science,19,False,19.8,88.5,71.18,91.7
Female,Computer Science,21,True,19.7,89.1,89.16,86.6
Female,Computer Science,23,True,10.1,74.7,77.18,47.9
Male,Mathematics,22,False,14.5,70.4,81.59,61.5
Male,Computer Science,20,False,11.8,80.0,71.64,46.0
Female,Physics,19,False,14.7,90.3,81.71,78.9
Male,Physics,18,False,25.3,81.2,79.69,90.5
Male,Computer Science,18,False,12.9,87.3,85.08,90.0
Male,Computer Science,23,False,13.4,77.0,84.36,69.4
Female,Physics,20,False,11.7,88.0,70.27,63.5
Female,Mathematics,19,False,8.1,82.6,74.04,66.7
Female,Computer Science,23,False,6.4,77.5,85.69,52.1
Female,Biology,22,False,17.3,85.2,76.16,71.2
Female,Mathematics,22,True,12.2,70.9,70.88,94.0
Female,Computer Science,19,True,20.9,99.7,73.56,75.3
Male,Mathematics,22,False,3.8,87.7,87.88,69.2
Female,Computer Science,20,True,10.2,91.4,87.07,85.4
Male,Computer Science,19,False,14.8,105.1,80.59,66.6
Female,Physics,22,False,14.8,90.4,87.1,100.0
Male,Physics,21,True,17.7,98.5,77.8,61.2
Male,Mathematics,22,True,12.7,82.0,81.71,77.1
Male,Mathematics,21,False,17.5,89.1,72.88,100.0
Female,Computer Science,23,False,22.7,69.6,65.47,76.0
Male,Biology,23,False,8.7,82.7,85.39,84.2
Female,Mathematics,18,False,9.0,81.0,67.51,50.7
Male,Computer Science,18,False,15.7,80.5,64.48,75.1
Female,Economics,19,False,13.3,99.4,68.28,73.9
Female,Physics,24,False,14.8,90.6,87.94,62.3
Male,Computer Science,19,False,13.7,81.8,79.13,64.2
Male,Mathematics,22,False,15.4,88.8,81.28,90.7
Female,Computer Science,20,False,10.4,85.2,72.14,71.5
Female,Biology,23,True,11.3,96.7,73.46,74.0
Female,Mathematics,23,False,19.7,83.5,68.46,94.3
Male,Mathematics,20,False,21.9,96.0,82.27,87.6
Male,Biology,23,False,14.8,87.1,64.59,95.3
Male,Biology,22,False,13.3,83.1,86.95,65.4
Female,Mathematics,24,False,7.6,86.4,80.99,77.2
Male,Physics,24,False,15.2,84.2,80.76,98.1
Male,Biology,24,False,18.3,79.4,67.47,54.0
Male,Physics,24,False,17.7,85.2,70.93,87.0
Male,Computer Science,21,False,15.5,99.7,76.63,73.5
Male,Physics,18,True,16.7,96.3,74.755,74.6
Male,Computer Science,23,False,9.2,87.6,58.39,58.8
Female,Computer Science,19,False,14.8,85.2,72.79,68.2
Male,Mathematics,23,True,19.2,75.6,55.4,75.7
Male,Economics,18,False,10.6,95.0,61.54,59.0
Female,Economics,24,False,7.9,76.7,78.82,91.0
Male,Biology,24,True,23.4,91.4,75.48,76.0
Female,Computer Science,24,False,14.8,85.5,68.08,82.7
Female,Biology,23,True,13.4,84.7,71.68,83.7
Male,Computer Science,21,False,11.2,99.2,89.62,69.5
Female,Biology,22,False,10.4,74.6,68.15,86.2
Male,Computer Science,20,False,14.8,105.0,67.97,80.2
Female,Mathematics,24,False,11.4,97.8,72.63,53.1
Female,Economics,23,True,6.0,74.4,63.22,76.8
Female,Computer Science,23,False,10.5,89.4,75.33,74.1
Female,Computer Science,20,False,11.2,96.5,74.755,59.2
Male,Mathematics,20,True,15.3,104.9,74.755,62.4
Female,Economics,20,True,15.1,94.8,77.5,36.7
Male,Computer Science,23,True,15.4,100.1,79.53,78.0
Male,Mathematics,24,False,10.7,91.0,69.27,74.7
Male,Mathematics,19,False,11.8,84.3,89.47,78.3
Female,Computer Science,23,False,15.1,79.4,72.22,60.9
Female,Computer Science,23,True,15.4,81.2,82.45,72.6
Female,Mathematics,21,False,13.3,70.1,68.48,65.2
Male,Computer Science,19,True,14.8,85.9,70.04,70.9
Male,Computer Science,22,True,13.0,73.3,62.73,95.2
Female,Physics,21,False,13.7,85.2,87.19,84.7
Male,Physics,18,False,10.8,96.6,71.96,80.7
Female,Mathematics,19,False,13.2,85.8,78.38,74.5
Male,Physics,19,False,25.7,89.1,61.71,79.6
Male,Mathematics,22,True,14.8,96.9,89.88,72.6
Female,Economics,21,True,7.7,87.8,62.35,63.7
Male,Physics,23,False,13.2,66.5,61.83,82.3
Male,Mathematics,22,False,19.3,99.0,69.72,67.3
Female,Physics,22,False,18.4,77.9,69.99,89.2
Female,Physics,23,True,13.9,90.6,79.42,82.4
Male,Biology,20,False,15.6,78.4,69.53,77.0
Female,Computer Science,20,False,16.8,88.9,97.44,98.9
Male,Mathematics,24,True,11.6,82.8,59.2,100.0
Male,Computer Science,18,False,27.6,80.0,71.9,52.8
Female,Computer Science,24,False,10.6,80.1,64.21,69.2
Female,Biology,20,False,20.8,93.1,68.25,53.8
Male,Biology,21,True,19.3,76.5,73.93,66.9
Male,Computer Science,19,False,10.4,78.5,65.89,40.5
Male,Biology,24,True,18.9,92.7,62.04,74.5
Female,Mathematics,21,True,8.4,77.2,78.92,69.2
Female,Computer Science,20,False,8.1,75.0,68.74,65.8
Male,Computer Science,23,False,7.8,91.4,89.02,62.4
Male,Biology,20,False,14.2,77.5,63.66,72.7
Female,Physics,23,False,11.7,73.4,79.18,80.6
Male,Mathematics,20,False,20.6,67.6,77.51,64.8
Male,Physics,20,False,15.8,99.6,65.06,70.8
Female,Physics,21,False,18.7,105.5,67.79,75.1
Male,Physics,23,False,9.7,75.7,88.89,77.1
Male,Economics,24,False,17.7,72.9,88.46,94.6
Male,Computer Science,18,False,19.0,82.0,74.95,54.7
Male,Computer Science,18,False,18.8,81.9,64.22,75.2
Male,Mathematics,24,True,14.8,80.5,84.54,69.9
Female,Biology,20,False,18.5,74.8,75.1,53.6
Male,Computer Science,19,True,19.6,79.5,67.42,59.7
Female,Economics,18,True,8.4,65.3,68.76,90.2
Male,Physics,22,True,12.4,93.4,56.64,81.6
Male,Computer Science,23,False,14.8,94.9,85.74,86.3
Male,Computer Science,20,False,21.9,74.2,55.51,91.1
Female,Computer Science,21,False,21.0,68.5,89.48,84.1
Male,Physics,20,False,15.8,93.0,64.35,75.4
Male,Mathematics,19,False,6.5,118.8,83.79,82.0
Female,Physics,20,False,22.7,79.9,54.06,61.6
Female,Mathematics,22,False,18.5,93.0,74.755,48.8
Male,Physics,20,False,10.1,90.4,67.94,80.0
Female,Computer Science,24,True,7.5,93.8,70.69,71.2
Female,Biology,19,True,24.0,81.4,74.755,85.6
Female,Physics,24,False,19.8,103.4,63.47,80.5
Male,Computer Science,24,False,16.7,99.9,102.83,99.5
Male,Mathematics,20,False,14.1,96.0,87.36,97.4
Male,Mathematics,21,False,24.4,93.9,31.85,46.1
Female,Biology,24,False,8.7,92.9,78.11,78.2
Female,Physics,23,True,13.6,86.9,71.16,70.2
Female,Mathematics,23,False,7.7,85.2,74.755,83.1
Male,Mathematics,19,False,9.8,71.7,82.46,73.6
Female,Physics,20,False,20.4,89.3,69.24,92.3
Female,Computer Science,18,False,16.2,97.8,69.51,71.8
Male,Computer Science,21,False,15.2,93.6,72.04,63.7
Female,Biology,18,True,18.9,85.8,79.7,80.2
Male,Computer Science,18,False,14.8,80.1,67.69,63.4
Male,Computer Science,23,False,14.8,81.2,88.61,93.4
Male,Computer Science,20,False,17.2,88.2,64.21,100.0
Female,Computer Science,21,True,16.4,68.3,75.44,88.6
Female,Mathematics,22,True,11.1,84.5,76.99,86.3
Female,Economics,24,True,11.3,90.6,70.74,93.5
Male,Computer Science,23,False,8.7,81.4,90.77,95.0
Female,Mathematics,20,False,9.6,86.3,72.7,41.2
Female,Computer Science,22,True,21.5,98.7,78.3,72.9
Male,Computer Science,22,False,16.5,91.6,75.59,65.4
Male,Computer Science,24,True,22.3,107.1,59.69,54.0
Female,Physics,21,False,17.7,97.1,90.77,64.7
Male,Mathematics,20,False,12.0,85.2,74.755,96.6
Female,Economics,22,False,20.6,89.8,91.7,99.3
Male,Computer Science,18,True,11.4,89.0,55.32,82.3
Male,Computer Science,20,True,10.6,79.6,65.6,70.2
Female,Mathematics,18,True,12.0,88.8,81.47,66.3
Female,Physics,23,False,13.3,76.9,59.77,70.8
Male,Economics,20,True,12.0,62.8,83.4,52.4
Female,Physics,22,True,20.9,88.1,82.57,67.3
Male,Biology,21,False,15.2,65.1,81.79,58.9
Female,Mathematics,24,False,12.2,80.9,68.86,91.9
Female,Biology,21,False,14.8,92.0,67.39,80.0
Female,Economics,21,True,14.8,79.7,61.25,72.0
Male,Computer Science,21,False,18.9,94.0,69.39,82.7
Female,Mathematics,20,True,15.2,77.2,82.57,57.1
Female,Biology,19,False,29.1,82.1,57.39,100.0
Male,Computer Science,24,False,19.2,93.1,71.92,66.2
Male,Biology,20,False,20.1,81.0,88.97,90.8
Female,Computer Science,21,False,11.8,88.2,69.04,53.4
Female,Economics,20,False,14.8,91.6,67.23,91.1
Female,Computer Science,21,False,12.2,80.4,76.27,72.9
Male,Economics,23,False,12.0,81.4,61.55,76.8
Male,Economics,24,False,17.9,85.2,67.12,61.0
Male,Physics,24,False,4.4,84.4,92.12,79.9
Female,Computer Science,24,False,13.9,79.9,75.1,70.0
Female,Mathematics,22,False,8.5,97.1,82.43,77.6
Female,Mathematics,22,True,8.6,87.5,80.36,80.7
Female,Computer Science,23,False,9.7,77.9,69.83,90.7
Female,Mathematics,21,False,16.3,79.4,70.67,58.4
Female,Economics,20,False,13.5,56.5,81.11,68.8
Male,Computer Science,23,False,13.2,70.2,70.96,43.9
Female,Mathematics,19,False,15.5,87.7,87.79,74.5
Female,Computer Science,24,False,7.2,77.4,88.33,76.2
Male,Biology,19,False,8.9,90.2,72.27,63.8
Male,Mathematics,19,False,11.8,92.4,65.99,64.6
Male,Physics,18,True,6.2,95.5,73.33,60.0
Female,Physics,24,False,21.0,100.9,68.86,71.2
Female,Computer Science,20,True,11.1,81.3,70.52,67.4
Male,Computer Science,19,False,21.3,80.0,54.29,92.6
Male,Computer Science,23,False,14.5,82.4,82.11,64.1
Female,Computer Science,20,True,17.8,82.0,81.54,61.8
Male,Computer Science,20,True,17.5,93.0,65.32,90.1
Female,Computer Science,22,False,14.1,85.9,82.0,82.5
Female,Computer Science,18,True,9.9,70.2,59.0,87.4
Female,Computer Science,20,False,12.2,76.6,70.68,84.3
Male,Economics,19,False,5.3,78.4,68.61,49.9
Male,Mathematics,18,False,22.0,66.8,71.94,75.1
Female,Computer Science,24,True,3.1,85.2,64.52,76.6
Female,Mathematics,24,False,1.7,80.2,78.77,88.3
Male,Computer Science,21,False,14.8,112.1,79.6,70.4
Male,Physics,24,False,6.3,85.0,64.83,73.1
Male,Physics,20,False,8.8,88.2,76.58,96.5
Female,Biology,19,False,13.8,83.1,63.79,67.0
Female,Computer Science,23,False,16.8,78.0,78.12,60.1
Male,Mathematics,21,False,15.7,85.2,85.01,82.3
Male,Computer Science,20,False,23.6,85.2,72.46,65.7
Female,Economics,20,True,23.6,81.8,70.01,72.0
Female,Mathematics,19,False,18.0,73.5,71.43,82.3
Female,Mathematics,20,False,13.8,65.8,72.75,89.0
Female,Biology,23,False,8.0,91.1,78.58,75.4
Male,Computer Science,18,True,16.4,74.4,74.05,86.3
Female,Computer Science,23,True,21.5,79.0,75.15,55.8
Male,Physics,19,False,12.4,70.9,73.61,81.8
Female,Computer Science,19,False,19.9,100.8,92.14,60.9
Female,Computer Science,20,False,11.0,80.0,80.25,60.5
Female,Computer Science,21,False,24.5,72.5,61.02,82.6
Female,Biology,23,True,14.2,92.2,76.28,74.0
Male,Computer Science,23,False,15.6,104.5,74.755,92.9
Male,Biology,22,False,16.0,77.3,67.61,81.4
Female,Economics,19,True,14.8,77.1,78.69,97.7
Female,Physics,18,False,21.4,113.2,78.51,69.3
Female,Computer Science,18,False,15.9,78.8,85.87,77.5
Male,Biology,18,True,-1.1,85.0,62.18,75.9
Female,Computer Science,24,True,18.5,104.8,81.26,59.0
Male,Physics,22,False,6.1,71.5,67.47,64.9
Male,Physics,21,False,12.0,85.1,74.755,58.5
Female,Biology,21,False,16.3,81.8,73.67,76.9
Female,Physics,18,False,18.4,80.6,61.33,64.9
Male,Computer Science,18,False,14.8,81.3,66.98,44.0
Male,Computer Science,21,True,15.7,88.7,69.91,67.4
Male,Economics,22,False,15.2,86.1,76.54,67.5
Female,Biology,22,False,14.9,93.9,72.29,82.5
Female,Computer Science,18,False,10.4,88.8,69.38,58.2
Female,Mathematics,23,False,10.9,88.0,73.35,98.2
Female,Mathematics,20,False,15.4,85.6,72.06,66.5
Male,Biology,18,False,6.3,82.9,67.03,66.1
Male,Computer Science,23,False,10.9,77.4,66.16,82.1
Male,Physics,24,False,14.4,88.8,77.36,100.0
Male,Physics,24,False,19.2,79.1,94.93,66.5
Female,Biology,24,False,15.0,75.2,78.24,84.0
Female,Biology,18,False,17.4,81.2,84.05,74.3
Female,Physics,24,False,14.8,86.5,80.2,61.6
Female,Economics,22,False,18.0,87.4,78.99,80.1
Female,Biology,18,True,7.4,74.9,72.62,70.2
Male,Mathematics,18,False,4.5,91.9,77.36,84.0
Male,Physics,21,True,7.7,85.2,77.07,70.9
Male,Biology,19,False,16.2,85.7,77.12,79.9
Female,Computer Science,20,False,12.1,95.3,79.9,87.8
Female,Computer Science,18,False,10.1,81.5,74.77,51.3
Female,Physics,22,True,17.8,74.3,62.05,87.1
Female,Mathematics,20,True,11.0,88.6,74.755,97.3
Female,Computer Science,20,False,12.8,83.3,71.43,73.1
Female,Economics,21,False,11.6,76.6,76.49,68.1
Female,Physics,22,False,19.3,79.2,92.65,100.0
Female,Computer Science,22,False,10.1,89.1,95.18,84.2
Male,Computer Science,23,False,23.5,64.3,85.1,62.2
Female,Physics,23,False,14.3,110.8,67.84,64.3
Male,Computer Science,19,False,16.5,70.8,61.71,91.0
Female,Mathematics,24,True,6.6,81.1,89.81,75.2
Male,Computer Science,19,False,16.6,96.0,77.03,62.5
Female,Biology,24,False,6.1,95.7,79.76,82.4
Female,Biology,19,False,13.9,94.1,58.74,70.5
Female,Physics,23,False,14.8,69.3,64.17,68.5
Male,Computer Science,23,True,15.2,68.3,72.75,63.9
Male,Mathematics,21,True,11.1,77.7,60.21,89.6
Male,Economics,23,False,20.3,83.5,66.2,71.9
Male,Mathematics,19,False,19.8,77.8,95.76,96.1
Female,Economics,18,False,15.1,91.7,77.46,58.0
Male,Mathematics,22,True,16.8,84.3,65.4,70.6
Male,Computer Science,24,False,15.6,94.3,74.755,100.0
Male,Physics,21,False,11.8,80.1,70.38,76.2
Female,Mathematics,20,False,9.2,92.3,65.82,74.3
Male,Mathematics,23,True,16.4,95.5,79.95,100.0
Male,Computer Science,19,False,14.8,85.1,73.72,100.0
Male,Physics,19,True,6.8,80.9,84.06,82.6
Female,Computer Science,18,True,20.9,86.7,90.07,88.2
Female,Mathematics,21,False,4.8,73.8,75.39,81.1
Male,Biology,20,False,12.1,81.4,81.99,81.7
Female,Biology,18,False,14.3,100.4,60.95,59.5
Female,Mathematics,21,True,20.5,93.6,67.81,69.9
Female,Mathematics,18,True,19.3,86.8,74.755,63.1
Male,Biology,21,False,9.5,76.1,85.07,82.6
Female,Biology,19,False,8.7,82.7,74.8,68.9
Male,Computer Science,24,False,13.8,107.1,95.91,81.5
Female,Physics,19,False,5.2,82.8,79.2,62.1
Male,Computer Science,23,False,12.2,81.7,74.755,73.0
Male,Biology,19,False,14.2,83.0,74.755,82.4
Female,Physics,23,True,5.2,96.1,72.3,76.0
Female,Mathematics,24,False,9.1,105.8,82.09,60.5
Male,Biology,22,False,15.1,97.8,74.755,91.7
Female,Physics,22,False,23.3,85.5,83.74,67.3
Male,Mathematics,23,False,9.7,78.7,55.06,57.3
Female,Physics,20,False,12.8,63.1,79.55,77.7
Male,Physics,22,True,14.7,78.7,91.52,54.8
Female,Computer Science,21,False,11.4,90.3,58.38,74.9
Female,Mathematics,23,False,18.5,80.8,59.53,77.8
Male,Mathematics,23,True,11.1,86.5,71.59,80.6
Male,Computer Science,18,False,14.4,95.3,77.2,37.8
Female,Physics,22,False,22.0,82.6,72.33,68.2
Male,Computer Science,18,False,8.9,79.0,80.41,51.6
Female,Physics,19,True,10.7,98.4,74.755,66.6
Male,Mathematics,24,False,11.6,97.7,57.15,63.6
Male,Mathematics,18,False,14.9,71.7,67.42,80.9
Male,Biology,21,False,12.6,91.1,69.96,82.2
Male,Computer Science,18,False,11.9,69.0,85.94,73.4
Male,Economics,24,False,13.4,65.2,64.35,88.4
Male,Physics,22,False,12.3,105.5,77.96,90.3
Female,Biology,23,False,16.6,88.7,73.23,78.9
Male,Biology,22,False,14.0,73.4,84.38,100.0
Male,Computer Science,24,True,23.0,82.3,65.74,62.5
Female,Biology,23,False,22.5,75.5,45.05,84.2
Male,Computer Science,20,True,23.9,88.5,82.1,51.0
Female,Computer Science,21,False,23.7,85.3,90.66,80.2
Female,Computer Science,19,True,9.9,75.1,74.755,77.4
Female,Mathematics,23,True,7.3,76.1,53.1,75.7
Male,Biology,23,True,11.9,85.2,80.51,84.7
Male,Physics,19,True,14.9,85.2,78.09,54.8
Female,Mathematics,19,False,21.5,101.4,71.97,67.9
Male,Biology,18,False,21.5,83.1,60.35,67.9
Male,Biology,20,False,18.6,90.0,87.22,50.4
Female,Mathematics,21,False,15.2,100.7,92.36,85.5
Female,Mathematics,19,False,22.7,101.5,65.25,82.9
Male,Physics,24,True,17.3,101.5,80.45,73.3
Male,Physics,23,False,17.2,106.9,73.08,98.1
Male,Computer Science,18,False,18.7,87.3,70.5,78.1
Female,Computer Science,19,True,17.0,103.9,74.755,69.9
Male,Physics,22,False,11.9,86.4,84.19,100.0
Male,Biology,19,False,15.9,84.6,77.13,48.2
Female,Biology,21,True,20.6,87.6,66.96,89.4
Female,Computer Science,24,False,11.8,71.0,77.7,75.5
Female,Mathematics,24,False,14.8,80.6,80.5,75.0
Male,Computer Science,24,False,18.4,91.6,74.19,87.3
Male,Mathematics,21,False,21.6,95.6,75.36,87.1
Male,Computer Science,20,True,11.3,85.2,85.02,67.0
Male,Computer Science,24,False,23.8,101.1,79.85,100.0
Female,Mathematics,19,False,15.9,102.9,87.04,73.1
Male,Physics,19,True,13.5,90.7,60.27,86.8
Male,Computer Science,23,False,6.0,85.2,66.23,61.6
Male,Biology,22,False,24.9,74.7,56.5,81.2
Female,Computer Science,23,False,24.7,80.7,74.86,82.0
Male,Economics,22,False,19.4,90.8,75.0,75.8
Male,Biology,22,False,4.6,82.0,66.1,87.5
Female,Computer Science,18,False,13.6,97.6,75.48,38.0
Female,Physics,19,True,5.5,77.0,71.5,80.8
Female,Computer Science,19,False,21.7,76.8,78.78,61.1
Female,Mathematics,22,False,9.3,88.8,92.32,63.6
Female,Biology,24,False,11.1,90.7,73.14,100.0
Male,Mathematics,21,False,15.2,100.4,66.47,77.0
Male,Physics,18,False,19.3,72.0,68.94,78.0
Female,Mathematics,22,True,25.7,95.2,41.8,75.0
Female,Physics,24,True,22.0,96.6,90.0,52.2
Male,Physics,21,False,12.7,104.2,73.62,65.6
Male,Computer Science,21,False,16.7,88.3,72.52,74.5
Female,Computer Science,18,True,11.8,77.9,60.92,61.8
Female,Computer Science,18,False,16.5,82.3,78.57,100.0
Female,Physics,20,False,11.8,92.2,73.25,58.9
Male,Mathematics,23,False,4.2,79.9,81.64,61.4
Male,Mathematics,21,False,16.0,83.9,74.755,62.9
Female,Computer Science,24,True,16.3,74.1,72.59,96.8
Female,Computer Science,19,False,13.3,82.7,70.48,75.3
Female,Mathematics,21,False,7.5,74.0,64.12,67.1
Female,Physics,20,False,3.1,83.0,84.28,100.0
Female,Biology,19,False,16.2,78.2,77.21,60.1
Female,Computer Science,23,True,28.6,72.4,60.62,97.7
Female,Biology,24,True,20.9,99.9,75.81,83.8
Male,Biology,18,False,22.4,66.6,74.755,75.6
Female,Mathematics,20,False,9.0,76.4,76.51,79.7
Female,Computer Science,18,False,17.6,86.4,73.73,100.0
Female,Mathematics,23,False,19.1,71.2,77.38,78.7
Female,Computer Science,23,False,12.6,93.9,68.49,76.7
Male,Mathematics,21,False,14.8,83.3,62.6,83.4
Male,Biology,22,False,17.3,77.9,77.85,81.5
Male,Mathematics,20,False,19.9,90.7,74.755,46.2
Female,Biology,20,False,11.2,78.9,78.13,63.4
Male,Mathematics,22,False,14.8,80.5,89.67,59.3
Female,Mathematics,18,False,20.0,84.5,68.53,57.8
Female,Mathematics,20,False,17.3,71.5,91.86,54.6
Female,Biology,20,False,14.8,77.0,77.22,61.2
Female,Physics,23,False,15.0,94.6,57.06,53.3
Female,Mathematics,22,False,18.5,85.2,91.73,59.4
Female,Computer Science,24,False,18.3,96.5,81.11,83.3
Female,Mathematics,21,True,11.1,85.2,73.6,65.0
Male,Computer Science,20,True,21.8,79.4,92.48,62.4
Male,Biology,21,True,7.9,88.1,69.94,85.5
Female,Computer Science,21,True,14.8,95.8,79.62,43.3
Female,Computer Science,19,False,10.7,82.1,74.755,72.5
Female,Physics,24,True,17.0,91.9,92.58,88.6
Male,Mathematics,21,False,18.9,77.0,70.73,84.6
Male,Computer Science,24,False,8.4,89.1,69.26,76.5
Female,Mathematics,19,False,14.5,96.9,88.7,66.9
Female,Biology,24,True,8.2,84.9,68.36,80.7
Female,Biology,24,False,17.8,78.5,79.09,84.9
Male,Computer Science,18,False,6.9,78.5,65.26,86.4
Male,Biology,22,False,10.0,72.9,76.42,82.3
Female,Biology,20,False,12.4,88.3,54.99,55.5
Female,Computer Science,18,False,10.8,88.4,79.77,84.1
Female,Mathematics,19,True,6.0,89.3,72.05,55.6
Male,Computer Science,22,True,2.5,88.2,75.78,71.0
Male,Biology,20,True,14.4,85.7,82.4,82.3
Male,Physics,22,True,8.5,75.2,73.77,92.7
Male,Mathematics,20,False,16.8,71.4,85.57,76.2
Male,Biology,22,False,20.1,55.6,77.57,85.4
Male,Physics,24,False,21.2,105.5,81.66,82.7
Female,Computer Science,21,False,5.1,79.4,74.755,65.2
Male,Mathematics,20,False,22.5,80.5,70.96,100.0
Female,Mathematics,24,False,12.1,112.7,69.94,80.0
Male,Economics,24,False,15.3,96.8,66.85,80.4
Female,Computer Science,18,True,6.4,86.6,81.78,85.8
Female,Biology,18,True,19.8,89.2,90.89,78.5
Female,Biology,21,True,19.8,71.9,82.47,68.6
Male,Biology,20,False,13.5,81.0,70.18,75.2
Female,Physics,18,True,9.1,84.8,74.755,58.1
Female,Computer Science,20,False,11.5,87.0,84.59,76.7
Male,Computer Science,18,False,12.1,86.2,89.93,64.4
Female,Computer Science,18,False,20.4,87.7,73.81,66.8
Female,Biology,24,False,1.4,86.1,71.32,83.4
Male,Computer Science,21,False,12.0,82.2,79.86,67.1
Female,Computer Science,22,False,10.3,76.8,68.75,98.1
Female,Mathematics,21,False,14.8,75.7,62.59,83.2
Female,Physics,19,True,12.7,97.1,79.53,47.8
Female,Mathematics,24,True,14.8,81.6,58.75,50.1
Male,Economics,21,False,22.8,91.3,86.98,80.7
Male,Physics,19,True,14.1,82.9,63.12,65.7
Female,Biology,22,False,8.1,69.0,62.73,86.6
Female,Computer Science,21,False,22.8,85.0,64.42,61.6
Female,Biology,21,False,11.4,86.3,71.69,54.8
Male,Physics,20,False,20.2,86.5,64.07,72.3
Male,Economics,20,True,19.5,91.6,75.96,98.3
Female,Economics,18,False,14.2,71.7,64.35,86.5
Male,Physics,20,False,22.7,78.0,95.34,92.3
Female,Physics,22,True,13.9,86.7,88.77,70.2
Female,Biology,22,True,13.9,85.2,79.91,81.7
Male,Physics,18,False,14.8,92.0,71.19,61.2
Female,Mathematics,22,True,17.9,94.5,70.15,84.9
Female,Mathematics,23,True,17.0,79.3,81.65,81.1
Female,Computer Science,21,False,12.9,77.0,100.36,70.5
Male,Computer Science,18,True,16.9,85.2,74.755,81.4
Female,Mathematics,19,True,14.8,99.1,68.52,55.9
Male,Computer Science,18,False,9.4,95.7,74.755,75.1
Male,Mathematics,24,False,23.0,83.0,69.87,64.1
Male,Biology,24,False,14.8,94.7,72.82,73.3
Male,Physics,22,True,12.5,90.4,58.24,34.1
Male,Physics,18,False,17.2,74.1,93.62,66.6
Female,Biology,20,False,14.7,85.2,88.72,72.6
Male,Mathematics,18,True,12.8,94.1,80.38,64.5
Male,Physics,23,False,11.7,103.5,95.49,83.7
Female,Physics,22,True,10.5,96.1,85.68,68.6
Male,Computer Science,20,True,15.0,78.3,71.21,100.0
Female,Economics,22,False,12.5,97.7,80.35,74.2
Female,Computer Science,19,False,14.8,78.7,68.55,69.2
Female,Computer Science,19,True,7.9,81.6,67.09,54.6
Female,Economics,24,False,21.0,94.2,67.33,76.3
Male,Computer Science,21,False,17.1,89.2,61.95,70.1
Male,Physics,24,False,14.5,99.1,94.55,83.7
Male,Economics,21,False,22.0,93.8,64.61,83.8
Female,Economics,21,True,14.8,76.0,75.02,79.6
Male,Mathematics,23,False,13.2,104.3,79.93,60.8
Male,Mathematics,23,True,21.1,79.7,74.755,62.9
Female,Computer Science,24,False,7.8,80.2,64.25,72.2
Male,Computer Science,23,False,14.9,101.3,61.48,68.3
Male,Mathematics,19,True,10.4,78.6,74.37,80.8
Male,Computer Science,22,True,15.8,67.3,72.13,65.2
Male,Computer Science,23,False,4.6,106.9,82.64,87.4
Female,Mathematics,23,True,19.1,84.2,81.8,100.0
Female,Computer Science,22,False,12.5,83.6,82.03,84.3
Female,Biology,23,False,19.9,89.5,66.27,95.9
Female,Computer Science,19,True,11.7,91.7,90.03,94.1
Male,Mathematics,19,True,21.7,83.3,69.74,81.6
Female,Physics,19,False,16.7,92.1,66.04,74.1
Male,Computer Science,22,False,14.8,94.5,76.37,85.5
Male,Computer Science,23,False,12.8,77.0,92.13,62.9
Male,Mathematics,24,True,21.6,83.0,80.5,59.9
Male,Computer Science,21,False,16.5,85.1,74.755,80.0
Male,Physics,24,False,20.3,99.1,77.05,79.2
Male,Mathematics,24,True,12.9,91.7,74.27,46.1
Male,Physics,23,True,5.9,89.8,78.99,78.5
Female,Computer Science,20,False,17.4,68.0,84.88,79.5
Female,Mathematics,20,False,21.7,79.3,85.05,90.0
Male,Mathematics,24,False,15.4,87.3,73.39,87.4
Female,Economics,18,True,22.7,81.7,71.92,91.2
Male,Biology,19,False,17.1,75.2,58.34,96.0
Male,Biology,20,False,20.9,72.9,86.29,51.6
Female,Computer Science,21,False,10.0,81.4,91.47,68.5
Female,Computer Science,24,False,27.5,66.9,89.97,81.4
Female,Computer Science,24,True,17.5,88.4,77.4,77.0
Male,Computer Science,23,False,13.8,90.3,86.75,67.6
Female,Economics,19,False,7.6,85.8,77.22,81.6
Male,Computer Science,21,False,16.0,69.9,66.59,69.1
Male,Physics,22,False,26.6,83.1,88.45,100.0
Male,Mathematics,22,True,17.9,81.0,81.43,96.2
Female,Mathematics,19,False,15.6,98.2,79.62,79.7
Male,Mathematics,23,False,18.6,92.7,85.07,85.6
Female,Computer Science,19,False,10.4,69.5,87.68,66.8
Female,Biology,20,True,18.0,85.6,77.24,79.6
Male,Biology,19,False,14.6,87.0,76.6,66.9
Male,Mathematics,19,True,15.3,80.2,59.03,97.5
Female,Mathematics,21,False,7.5,84.4,79.92,78.7
Male,Mathematics,21,False,25.5,101.4,66.37,75.6
Female,Computer Science,22,False,3.8,94.9,76.37,94.7
Male,Physics,21,False,10.4,93.6,74.92,66.2
Male,Economics,21,False,14.8,77.7,83.28,57.0
Female,Mathematics,18,True,21.7,93.2,64.35,93.3
Female,Mathematics,22,False,24.0,77.3,68.39,71.8
Male,Physics,19,True,14.8,76.6,82.89,64.5
Male,Physics,20,False,13.0,79.1,77.62,78.0
Male,Computer Science,19,False,7.9,88.7,74.755,52.5
Male,Physics,22,True,8.3,67.3,82.58,78.1
Male,Biology,24,True,12.8,72.5,68.45,56.7
Male,Physics,18,False,21.0,97.8,76.8,57.7
Male,Computer Science,22,False,14.8,90.0,66.76,52.6
Male,Computer Science,19,False,13.1,101.6,73.35,90.3
Male,Economics,19,False,22.2,75.0,78.46,75.6
Male,Economics,21,False,25.0,84.3,80.79,37.3
Female,Mathematics,18,False,12.7,86.6,81.04,81.8
Female,Biology,23,True,12.9,89.8,47.58,43.1
Female,Biology,22,False,9.7,87.2,69.6,92.3
Male,Biology,20,False,19.3,95.3,69.65,77.2
Female,Biology,23,False,20.1,82.1,56.5,97.3
Female,Biology,24,False,11.4,86.7,68.59,77.3
Female,Computer Science,18,False,14.8,81.0,61.24,66.6
Male,Computer Science,18,False,18.5,102.0,62.11,78.0
Male,Mathematics,24,False,6.4,65.0,70.75,66.7
Male,Computer Science,22,False,14.0,94.4,74.16,87.0
Female,Computer Science,22,False,8.4,73.6,61.9,86.9
Male,Computer Science,24,True,8.0,76.5,78.62,73.2
Female,Physics,18,False,5.5,72.6,68.25,98.4
Male,Physics,22,False,11.2,73.9,78.42,75.8
Male,Biology,21,True,20.0,108.5,90.16,96.3
Female,Mathematics,21,False,23.7,90.2,91.44,100.0
Male,Economics,19,False,18.0,88.3,67.94,27.1
Male,Mathematics,18,False,19.4,91.3,77.73,93.2
Male,Physics,23,False,13.1,103.1,86.41,47.5
Female,Mathematics,18,False,20.1,87.3,63.64,77.0
Female,Computer Science,19,False,16.8,82.2,80.03,63.5
Male,Biology,23,False,18.5,75.6,79.05,62.1
Male,Mathematics,24,False,21.0,81.2,67.21,92.9
Female,Mathematics,23,True,12.7,85.3,76.23,75.8
Male,Mathematics,19,True,11.3,93.9,64.32,85.6
Female,Economics,18,False,11.6,88.0,72.86,70.9
Male,Computer Science,20,True,13.0,91.1,91.68,85.2
Male,Computer Science,18,False,15.6,83.8,86.72,72.4
Male,Computer Science,23,False,12.1,99.2,68.96,80.9
Male,Computer Science,24,False,11.8,88.9,60.02,77.2
Female,Mathematics,21,True,11.8,85.2,85.18,89.6
Male,Computer Science,22,False,7.6,88.4,74.755,79.8
Male,Biology,19,False,10.6,72.3,75.98,81.3
Female,Physics,19,False,11.3,71.7,107.06,100.0
Male,Economics,18,False,16.4,86.9,92.37,80.3
Male,Computer Science,23,False,10.4,78.1,74.755,74.4
Male,Economics,21,True,22.5,75.9,69.48,74.6
Female,Mathematics,20,False,15.2,68.8,86.2,57.2
Female,Computer Science,24,False,13.3,87.7,74.64,85.4
Male,Mathematics,21,True,10.1,92.5,58.68,90.1
Female,Mathematics,18,False,17.0,81.0,77.73,89.7
Male,Computer Science,24,True,13.8,85.4,78.68,94.4
Female,Physics,22,False,19.4,81.6,74.755,60.0
Male,Biology,18,False,8.6,84.4,89.0,63.8
Female,Mathematics,21,False,15.1,78.7,58.94,71.8
Male,Mathematics,20,False,13.8,90.7,63.83,69.8
Male,Biology,20,True,10.4,82.2,84.97,100.0
Male,Biology,21,False,15.2,89.1,65.17,56.5
Male,Mathematics,23,False,9.1,95.1,69.15,88.3
Female,Biology,19,False,16.8,85.2,82.16,82.7
Male,Biology,24,False,14.8,93.1,86.46,84.6
Male,Mathematics,19,True,12.8,79.0,57.72,90.4
Male,Physics,24,False,18.9,102.2,84.84,73.0
Male,Biology,20,True,15.9,107.1,89.31,57.7
Male,Computer Science,21,False,17.3,65.6,73.5,69.4
Male,Mathematics,24,False,15.9,98.7,74.32,69.6
Male,Computer Science,18,False,21.7,92.1,81.73,68.6
Male,Physics,24,False,3.7,77.1,71.26,79.5
Male,Physics,19,False,19.8,83.9,63.03,57.1
Male,Computer Science,21,True,11.8,88.3,63.7,58.3
Male,Physics,18,False,17.0,93.0,71.87,55.8
Female,Computer Science,23,False,16.2,90.1,59.33,86.4
Female,Biology,22,False,26.8,92.3,72.11,85.2
Female,Mathematics,18,False,17.2,104.0,83.56,64.3
Male,Mathematics,22,True,7.8,84.6,54.43,67.4
Male,Biology,24,False,17.2,77.6,72.72,73.6
Male,Computer Science,22,False,19.2,78.2,54.93,99.0
Male,Computer Science,24,False,11.3,95.7,97.05,95.8
Female,Physics,18,False,17.2,78.2,94.92,55.3
Male,Computer Science,21,False,22.1,81.7,77.77,63.4
Female,Mathematics,18,False,13.2,82.3,62.69,63.1
Male,Biology,21,False,16.5,69.7,84.35,51.5
Female,Mathematics,22,False,10.5,92.8,96.09,61.5
Male,Biology,23,False,12.5,81.4,71.12,95.4
Female,Computer Science,23,False,12.0,91.5,85.24,76.7
Female,Computer Science,23,False,8.0,91.4,88.99,64.1
Male,Computer Science,22,False,18.0,74.0,65.7,71.9
Male,Computer Science,22,False,18.9,102.3,74.62,42.7
Female,Economics,19,False,14.8,91.1,67.24,67.4
Male,Physics,20,True,19.8,93.9,83.57,67.0
Male,Mathematics,20,False,10.3,88.3,70.71,75.5
Female,Biology,24,True,26.2,82.2,53.98,99.8
Male,Biology,23,False,8.5,91.0,92.46,63.6
Female,Biology,20,True,9.5,99.3,96.94,73.7
Female,Physics,21,False,13.7,90.9,68.46,81.1
Female,Computer Science,18,True,12.2,46.6,78.21,77.4
Female,Mathematics,21,False,15.9,82.9,63.71,74.2
Female,Physics,23,False,12.9,74.7,71.02,65.1
Male,Computer Science,18,True,8.2,89.3,73.53,39.8
Male,Computer Science,24,False,15.6,100.9,93.45,72.8
Female,Computer Science,23,False,13.8,65.6,83.31,62.1
Female,Biology,20,True,13.0,100.2,76.58,99.0
Female,Economics,24,False,19.5,85.6,75.6,99.8
Male,Computer Science,21,False,9.3,96.5,82.4,95.7
Female,Computer Science,21,True,12.0,95.5,84.73,87.1
Female,Computer Science,24,True,15.3,96.4,88.09,56.8
Female,Physics,24,True,15.6,83.6,91.25,84.3
Male,Biology,22,False,12.1,91.0,54.84,74.3
Female,Economics,22,False,12.0,96.2,49.23,88.1
Male,Physics,22,False,14.8,79.5,71.78,84.6
Female,Mathematics,24,False,14.1,76.0,76.09,99.1
Female,Mathematics,24,False,10.4,86.4,78.09,66.5
Male,Computer Science,23,True,15.1,95.1,87.44,87.8
Male,Physics,22,True,11.1,91.2,79.18,61.7
Male,Computer Science,20,False,11.9,78.8,88.05,67.8
Female,Economics,22,True,13.2,95.4,61.52,75.0
Male,Computer Science,21,False,10.5,92.9,69.05,70.7
Female,Mathematics,18,False,7.1,85.8,78.9,71.8
Male,Computer Science,18,False,7.3,84.8,73.88,77.8
Female,Biology,18,False,17.2,86.2,71.31,70.8
Female,Biology,18,False,21.3,93.1,61.6,86.1
Female,Physics,23,True,6.2,105.4,88.33,93.9
Male,Mathematics,20,False,14.8,71.3,71.94,82.4
Female,Physics,23,False,16.0,104.0,61.49,71.9
Male,Mathematics,19,False,17.3,89.0,72.53,98.0
Male,Computer Science,20,False,16.8,81.2,62.62,75.5
Male,Biology,23,True,17.2,83.5,75.03,98.8
Female,Biology,21,False,8.6,94.8,60.81,71.3
Female,Mathematics,20,False,9.8,83.4,76.36,85.9
Female,Computer Science,22,True,8.8,81.1,69.97,76.8
Female,Mathematics,23,False,14.8,63.6,78.54,77.8
Female,Economics,24,False,16.5,71.5,74.755,49.0
Female,Physics,21,False,12.7,107.4,70.62,85.3
Male,Economics,23,False,13.2,74.4,85.94,55.3
Female,Computer Science,22,False,21.1,112.0,69.25,80.2
Male,Biology,24,False,25.6,88.9,74.755,93.2
Male,Economics,23,True,14.3,95.0,81.22,81.8
Male,Physics,20,False,12.4,93.2,85.68,80.6
Female,Biology,21,False,21.8,85.1,75.7,28.0
Female,Computer Science,20,True,8.2,77.8,78.7,70.7
Male,Computer Science,23,False,24.6,78.4,95.14,73.0
Male,Biology,18,False,16.4,85.2,56.24,49.7
Male,Physics,19,True,22.2,86.0,75.14,75.4
Female,Economics,20,False,11.3,85.1,74.755,84.9
Male,Mathematics,20,False,11.0,70.8,80.08,78.0
Female,Computer Science,19,True,10.8,93.8,81.21,59.4
Male,Computer Science,24,True,10.9,79.2,76.26,88.0
Female,Computer Science,18,False,17.1,80.4,85.26,84.4
Male,Physics,22,True,7.8,91.9,89.1,82.5
Female,Biology,19,False,18.3,70.9,80.07,61.0
Female,Mathematics,21,False,24.8,76.6,74.755,77.3
Male,Computer Science,22,False,14.1,85.2,65.17,59.7
Male,Mathematics,21,True,3.5,89.3,76.73,52.0
Female,Physics,20,False,15.8,86.4,72.42,75.9
Female,Physics,19,True,14.8,89.2,82.69,80.1
Male,Mathematics,21,False,10.9,88.3,72.0,73.9
Female,Economics,21,True,16.5,83.1,64.28,91.8
Male,Physics,23,False,12.7,82.5,59.66,77.5
Male,Computer Science,24,True,22.5,73.3,84.93,57.5
Female,Mathematics,20,False,18.4,80.3,65.92,98.5
Male,Biology,20,False,16.2,85.2,82.3,74.5
Male,Physics,18,False,9.6,94.1,63.15,88.2
Male,Computer Science,24,False,9.3,80.2,51.87,73.8
Female,Mathematics,21,True,25.5,111.1,78.56,67.8
Female,Physics,22,False,8.4,71.3,81.55,58.3
Female,Physics,19,False,24.2,98.4,74.29,65.4
Male,Mathematics,23,False,0.8,85.2,77.91,94.9
Male,Computer Science,19,False,14.7,84.0,64.3,68.2
Male,Mathematics,18,False,9.4,84.0,74.755,55.3
Female,Physics,23,True,9.7,84.6,74.755,81.9
Male,Computer Science,23,False,13.1,87.6,82.04,45.8
Female,Computer Science,23,False,14.8,84.4,77.07,61.1
Female,Computer Science,20,False,12.0,75.0,76.34,71.8
Female,Computer Science,24,True,11.3,101.8,73.86,76.5
Male,Biology,21,True,24.0,65.3,77.49,100.0
Female,Computer Science,24,True,19.3,85.2,66.36,67.1
Male,Biology,24,False,14.6,97.2,57.66,73.4
Female,Biology,19,False,15.5,90.6,61.06,75.9
Female,Biology,23,True,11.1,92.3,71.13,71.7
Male,Computer Science,18,False,10.5,92.8,90.55,75.7
Female,Physics,20,False,15.7,76.3,74.85,86.9
Male,Computer Science,20,True,20.3,80.6,65.55,61.6
Male,Mathematics,24,True,14.8,81.9,73.28,76.5
Male,Biology,23,False,14.3,84.4,77.12,80.5
Male,Physics,22,True,21.9,91.4,76.3,81.2
Female,Mathematics,21,False,26.9,95.0,94.6,76.7
Male,Computer Science,19,False,11.3,89.1,68.5,76.5
Female,Computer Science,21,True,13.5,82.9,85.36,65.9
Female,Computer Science,22,False,6.0,76.4,81.51,40.0
Male,Computer Science,20,True,7.6,91.6,77.5,61.8
Female,Physics,19,False,20.5,82.9,81.33,76.6
Female,Biology,18,True,11.7,100.7,74.34,75.5
Female,Computer Science,19,True,20.7,85.5,76.37,77.3
Female,Physics,23,False,18.7,111.4,92.59,77.0
Male,Biology,19,False,16.8,80.4,74.23,71.7
Male,Computer Science,20,False,14.5,96.4,89.26,94.9
Male,Mathematics,18,False,18.0,76.5,83.92,54.5
Female,Mathematics,24,True,18.1,84.1,76.35,80.0
Male,Biology,24,False,15.7,83.0,79.41,76.1
Female,Biology,21,False,15.1,85.3,112.16,62.2
Female,Biology,23,False,27.2,89.4,70.81,100.0
Female,Biology,24,False,18.4,73.0,92.38,69.8
Female,Physics,20,False,12.9,88.0,62.54,65.2
Male,Biology,22,False,18.3,90.8,47.75,95.2
Female,Computer Science,18,False,21.8,86.1,71.3,74.3
Male,Mathematics,22,False,15.1,85.2,66.52,95.5
Female,Biology,22,False,21.2,81.2,85.57,78.1
Female,Biology,24,False,10.9,93.3,74.56,63.1
Male,Computer Science,19,False,18.3,85.2,75.1,83.8
Male,Physics,20,False,14.5,86.1,77.12,61.1
Female,Biology,20,False,13.7,68.8,69.64,73.4
Female,Mathematics,24,False,10.8,85.8,73.9,76.0
Male,Computer Science,23,False,12.7,107.1,63.44,55.3
Female,Computer Science,19,False,22.2,88.7,62.57,51.1
Female,Computer Science,24,False,8.1,82.4,75.82,60.9
Male,Economics,19,False,14.8,91.5,95.55,61.6
Male,Biology,22,True,15.1,82.7,84.21,68.3
Female,Mathematics,21,False,12.4,97.4,69.77,56.0
Female,Biology,20,True,14.5,69.1,67.97,71.7
Female,Biology,22,True,9.3,83.8,69.77,81.9
Male,Physics,21,False,14.0,72.0,79.77,95.6
Female,Physics,22,False,17.8,82.2,82.34,42.6
Female,Computer Science,24,False,10.1,95.3,62.56,53.4
Male,Physics,24,False,14.7,86.7,79.26,83.0
Male,Physics,21,False,10.3,79.8,57.19,82.1
Male,Economics,24,False,4.6,92.2,74.755,65.5
Male,Computer Science,24,False,12.6,85.2,82.36,43.8
Male,Computer Science,22,True,15.2,86.7,65.82,79.9
Female,Physics,24,True,11.9,85.2,97.07,75.0
Female,Economics,20,True,12.5,76.2,74.92,60.2
Male,Computer Science,24,True,14.8,74.8,76.82,72.6
Female,Mathematics,21,False,14.8,85.8,74.09,91.0
Female,Computer Science,23,False,20.9,106.6,81.27,62.7
Female,Biology,23,True,19.1,82.3,71.11,52.0
Female,Biology,22,False,19.9,95.3,89.48,68.0
Female,Computer Science,20,False,12.5,65.5,54.16,76.9
Male,Biology,19,True,23.9,103.5,71.59,80.6
Female,Computer Science,18,False,11.1,103.5,74.25,85.8
Female,Physics,21,False,9.5,101.2,74.755,55.8
Female,Physics,21,False,15.4,69.7,68.07,100.0
Female,Computer Science,22,True,12.4,85.2,56.98,36.9
Male,Physics,21,False,8.3,88.6,78.95,98.8
Male,Biology,19,False,16.6,89.0,93.84,64.4
Female,Physics,22,True,14.8,79.5,78.48,55.0
Male,Physics,18,False,13.2,80.1,54.19,60.7
Male,Physics,23,False,24.7,88.1,78.21,88.0
Male,Mathematics,22,True,21.3,95.5,70.69,74.7
Female,Physics,18,True,3.6,83.1,72.04,98.0
Female,Physics,18,False,9.1,87.1,74.56,77.3
Male,Economics,21,False,20.0,91.8,75.07,71.7
Female,Physics,21,True,15.0,91.4,82.72,53.9
Male,Mathematics,21,True,8.1,87.3,66.24,75.4
Male,Biology,20,False,3.7,90.8,77.82,70.9
Female,Computer Science,22,True,24.9,65.7,68.91,82.6
Male,Computer Science,23,False,19.5,86.8,74.755,59.4
Male,Economics,19,True,16.2,89.6,88.98,75.8
Female,Mathematics,19,False,17.3,95.4,79.4,52.4
Male,Economics,23,False,16.2,89.4,70.6,85.0
Male,Computer Science,18,False,15.4,93.4,70.31,66.3
Male,Computer Science,23,False,13.1,70.7,74.755,67.7
Female,Economics,21,False,11.0,81.0,88.04,58.2
Female,Mathematics,22,False,14.2,101.0,74.14,46.9
Female,Biology,24,True,23.3,85.2,81.28,76.8
Female,Biology,19,True,13.6,94.4,86.11,67.2
Female,Physics,23,True,14.0,76.1,71.91,65.7
Female,Mathematics,18,True,14.7,83.9,89.04,89.7
Female,Computer Science,24,False,22.9,94.0,69.69,65.0
Female,Mathematics,18,True,18.5,85.2,59.33,83.0
Male,Economics,22,False,29.7,99.1,78.84,61.2
Female,Physics,22,True,19.3,80.7,79.73,53.3
Male,Mathematics,18,False,5.2,68.7,56.25,54.6
Male,Economics,23,False,13.6,86.7,63.03,79.6
Male,Biology,23,True,15.5,74.8,88.85,84.5
Female,Physics,24,False,11.9,94.4,78.45,80.6
Female,Computer Science,18,False,15.0,78.2,83.7,96.3
Female,Physics,20,False,14.8,79.8,91.57,43.4
Male,Computer Science,21,False,15.1,75.9,77.73,85.9
Female,Biology,18,False,16.1,86.6,79.24,70.7
Female,Physics,20,False,9.2,91.6,89.84,84.0
Male,Computer Science,19,True,9.4,103.7,65.49,89.6
Male,Biology,18,True,14.8,95.6,58.61,73.0
Male,Mathematics,19,False,14.8,96.7,55.49,58.4
Female,Physics,19,False,15.3,75.7,83.71,50.0
Male,Computer Science,19,False,16.4,79.6,89.58,72.0
Female,Computer Science,18,False,15.9,102.5,74.755,85.0
Female,Biology,22,False,21.0,87.8,69.95,94.2
Female,Mathematics,21,False,27.3,82.5,63.3,80.3
Male,Computer Science,24,True,22.1,90.9,62.56,81.0
Female,Computer Science,18,False,14.8,84.3,61.16,100.0
Male,Physics,18,False,9.5,89.7,76.05,70.1
Female,Mathematics,19,False,13.7,92.4,56.6,63.9
Male,Mathematics,22,True,20.4,73.6,77.7,57.1
Male,Economics,20,False,14.9,92.3,67.5,82.3
Male,Biology,24,False,15.5,94.4,72.24,95.8
Male,Mathematics,19,False,15.8,86.9,80.75,62.6
Male,Physics,18,False,15.3,83.7,42.58,61.6
Male,Economics,22,True,8.7,63.4,64.11,100.0
Male,Computer Science,24,True,16.8,113.7,71.48,82.8
Female,Economics,20,False,10.3,81.3,71.4,100.0
Male,Physics,21,False,17.0,86.6,75.62,81.2
Male,Mathematics,20,False,13.0,89.4,79.33,83.1
Male,Computer Science,19,True,22.0,93.7,87.1,100.0
Female,Physics,21,True,16.0,83.8,87.09,88.2
Female,Mathematics,18,False,14.2,83.3,75.82,72.5
Female,Physics,18,False,20.2,88.9,59.98,81.0
Male,Physics,18,True,20.3,84.3,79.26,76.6
Female,Mathematics,23,False,14.7,85.2,85.14,64.5
Male,Mathematics,20,False,13.8,77.8,72.77,52.1
Male,Computer Science,18,True,18.5,81.8,87.17,69.7
Female,Computer Science,18,True,17.8,97.0,87.23,84.8
Female,Computer Science,22,False,12.3,99.7,72.38,72.3
Male,Computer Science,18,True,19.8,74.3,73.63,85.2
Female,Computer Science,22,True,19.8,89.9,101.42,67.2
Female,Computer Science,19,False,11.9,87.1,85.15,56.0
Male,Biology,18,False,12.5,85.7,77.01,84.5
Female,Mathematics,19,False,14.8,79.3,87.22,77.1
Female,Physics,23,True,10.0,75.1,69.73,74.1
Female,Physics,20,False,22.2,78.5,82.79,77.1
Male,Economics,20,False,16.9,91.1,74.47,71.5
Male,Economics,23,False,27.0,74.8,76.03,69.9
Male,Mathematics,24,False,7.1,85.3,73.75,100.0
Female,Computer Science,20,True,21.1,89.0,64.17,89.1
Male,Computer Science,24,True,13.0,96.9,94.86,92.4
Male,Biology,18,False,27.8,79.9,69.2,73.4
Male,Computer Science,18,False,12.7,100.4,56.53,53.7
Female,Physics,19,False,20.5,94.3,79.77,68.0
Male,Computer Science,19,True,17.9,82.5,67.37,77.8
Female,Biology,23,True,16.5,85.2,71.48,62.5
Female,Mathematics,18,False,17.1,85.8,69.33,62.6
Male,Physics,19,False,11.4,94.8,69.7,60.4
Female,Computer Science,22,False,19.0,87.7,88.28,65.7
Male,Computer Science,20,True,18.2,74.0,75.06,81.8
Male,Computer Science,18,True,14.4,80.9,74.755,62.6
Male,Biology,23,True,15.2,93.8,85.15,100.0
Male,Physics,21,True,13.4,65.9,66.74,67.2
Female,Mathematics,19,False,14.8,84.6,79.81,78.7
Male,Computer Science,24,False,14.1,81.1,77.67,77.6
Female,Biology,22,False,21.8,91.4,72.68,91.0
Female,Physics,24,False,20.9,77.0,76.47,38.5
Male,Mathematics,22,False,7.3,89.4,95.14,80.6
Female,Mathematics,19,True,13.0,73.8,66.63,79.7
Male,Biology,19,False,22.7,84.0,62.01,84.7
Male,Mathematics,18,False,13.1,81.6,54.38,45.4
Female,Computer Science,19,True,15.4,88.9,74.755,56.4
Female,Computer Science,20,False,21.7,88.1,74.39,82.3
Female,Biology,23,False,10.7,90.6,69.03,86.2
Female,Biology,24,True,6.2,74.3,78.17,83.8
Female,Physics,18,True,16.5,74.7,66.55,88.6
Female,Computer Science,20,True,10.0,81.8,70.21,56.9
Female,Mathematics,21,False,16.2,85.2,62.17,88.5
Male,Computer Science,19,False,16.6,80.6,77.38,86.7
Female,Computer Science,23,False,23.0,84.7,65.34,100.0
Female,Biology,23,False,8.3,89.6,90.61,56.3
Female,Economics,20,False,12.2,74.2,88.38,47.1
Female,Mathematics,20,True,15.9,63.4,65.64,79.4
Female,Biology,22,False,12.6,91.8,82.23,61.6
Male,Physics,23,False,12.4,100.9,87.97,68.6
Female,Mathematics,21,False,4.6,80.4,87.24,86.3
Male,Computer Science,19,False,14.9,93.9,96.44,81.3
Male,Computer Science,20,False,8.4,81.9,49.23,53.5
Male,Computer Science,24,False,24.6,85.7,74.01,77.5
Female,Mathematics,18,True,20.1,73.1,78.19,53.6
Female,Mathematics,23,True,10.8,80.7,88.6,73.6
Female,Biology,20,False,14.5,63.7,69.89,50.6
Female,Physics,24,False,10.9,94.4,79.37,50.0
Female,Mathematics,22,False,18.7,95.6,70.71,78.5
Female,Mathematics,21,False,13.0,90.1,69.94,81.7
Male,Physics,20,False,10.7,72.5,73.45,96.6
Male,Physics,19,False,6.4,85.0,83.1,72.7
Male,Biology,22,False,19.3,104.1,79.25,89.7
Female,Physics,21,False,24.3,77.0,75.61,82.0
Male,Physics,22,False,17.5,78.6,39.44,69.3
Male,Mathematics,24,True,8.8,75.6,74.67,55.4
Male,Economics,22,False,10.5,91.1,90.23,42.7
Female,Computer Science,22,True,14.8,92.7,80.59,77.2
Female,Biology,22,True,24.5,89.7,75.38,41.1
Female,Economics,21,True,15.7,88.3,65.65,99.2
Female,Physics,23,False,20.7,85.2,91.71,64.8
Male,Mathematics,23,True,14.8,88.8,64.1,93.7
Male,Biology,18,False,17.3,95.0,64.08,47.4
Female,Biology,18,False,14.1,83.2,76.58,63.0
Female,Computer Science,21,False,14.8,100.9,76.18,60.9
Male,Physics,21,False,13.6,83.2,65.76,68.3
Female,Mathematics,18,True,20.2,75.4,67.34,80.7
Male,Mathematics,21,False,11.0,74.9,59.37,86.7
Male,Biology,24,False,23.6,99.4,77.62,58.5
Female,Computer Science,24,False,17.8,63.0,96.6,94.0
Male,Computer Science,21,True,21.4,85.2,98.28,59.5
Male,Biology,23,False,14.8,82.0,75.91,88.2
Female,Computer Science,18,False,10.9,101.3,59.94,87.8
Male,Physics,20,True,21.6,77.8,66.49,85.6
Male,Mathematics,23,True,14.9,70.1,74.755,90.6
Male,Economics,21,True,12.0,75.7,74.14,45.4
Male,Physics,24,True,10.1,103.5,65.63,96.3
Female,Physics,18,True,15.7,85.2,89.0,100.0
Female,Mathematics,22,False,10.8,82.2,73.67,77.1
Male,Computer Science,19,False,11.4,81.8,82.45,70.2
Male,Computer Science,21,True,9.5,91.4,69.99,81.0
Male,Mathematics,20,False,14.3,106.2,74.755,83.4
Male,Mathematics,23,True,9.3,87.9,86.62,60.4
Male,Biology,20,False,20.0,90.4,58.64,87.3
Male,Computer Science,24,False,13.6,85.2,75.71,93.4
Female,Physics,24,True,7.0,100.7,86.99,93.7
Male,Computer Science,24,False,14.8,66.4,76.25,74.5
Female,Mathematics,18,False,11.0,76.5,66.26,79.1
Male,Physics,24,True,12.3,85.2,65.64,72.0
Female,Physics,20,False,14.9,86.1,71.67,76.5
Male,Biology,19,False,19.8,77.5,73.37,61.8
Male,Physics,23,False,13.8,85.2,83.64,68.1
Female,Computer Science,19,False,11.2,101.2,58.44,91.1
Male,Physics,20,False,17.2,95.3,74.755,88.6
Male,Computer Science,19,True,22.2,103.6,84.09,97.6
Female,Mathematics,23,False,14.8,100.4,53.96,95.4
Female,Mathematics,20,False,9.8,79.4,58.23,70.9
Female,Mathematics,22,False,15.1,82.3,82.85,100.0
Male,Biology,24,False,12.8,101.4,66.74,95.0
Male,Physics,20,False,11.9,77.3,70.35,92.3
Male,Economics,23,False,18.0,97.2,85.73,68.9
Male,Physics,19,False,14.8,85.2,56.72,70.3
Male,Mathematics,23,False,17.5,99.1,80.55,74.3
Male,Physics,19,True,10.9,83.2,76.83,92.5
Male,Physics,24,False,20.6,71.0,98.64,71.3
Female,Physics,19,False,18.6,68.1,73.02,86.2
Male,Mathematics,18,False,8.0,86.8,58.34,50.1
Female,Computer Science,20,True,21.7,61.4,86.5,77.1
Female,Economics,23,False,14.5,84.4,56.43,100.0
Female,Biology,19,True,15.1,98.1,59.39,78.4
Female,Mathematics,24,True,10.5,89.5,76.96,80.7
Male,Biology,21,False,18.5,85.2,73.75,89.8
Female,Mathematics,21,True,11.7,86.8,72.71,89.5
Female,Biology,21,False,3.9,72.9,65.56,69.5
Male,Biology,19,False,21.8,93.0,72.99,74.3
Female,Physics,20,False,9.3,87.9,72.45,67.2
Female,Mathematics,20,True,13.9,97.8,88.17,78.5
Male,Mathematics,22,False,13.8,81.6,82.2,58.1
Female,Computer Science,23,False,15.5,94.5,65.89,99.8
Female,Economics,22,False,17.4,70.5,80.06,82.3
Male,Computer Science,18,True,16.0,85.2,80.04,64.3
Male,Physics,24,True,13.7,82.8,88.06,76.4
Male,Computer Science,19,True,21.8,79.8,74.755,68.1
Male,Mathematics,19,False,9.5,91.8,55.84,59.3
Female,Mathematics,18,True,22.2,73.3,59.26,75.0
Female,Computer Science,18,True,10.8,70.8,75.6,59.0
Female,Physics,22,True,9.6,81.1,85.34,53.5
Female,Biology,20,False,19.1,96.6,79.29,32.6
Female,Computer Science,21,True,20.4,66.9,70.35,40.3
Female,Physics,18,False,15.3,91.3,62.14,88.9
Male,Mathematics,19,False,16.3,80.2,68.1,78.9
Male,Computer Science,19,False,15.3,85.2,80.33,68.9
Male,Economics,19,True,9.1,84.0,68.65,85.8
Male,Physics,19,False,18.9,85.2,56.29,79.6
Female,Computer Science,21,False,10.4,76.3,68.67,71.5
Male,Physics,21,False,17.4,90.1,74.755,68.8
Male,Biology,18,False,17.8,82.7,66.72,61.9
Male,Biology,20,False,19.2,90.7,66.52,76.5
Female,Biology,23,False,10.8,81.0,87.33,97.6
Female,Mathematics,19,False,14.8,72.5,81.37,72.1
Male,Biology,21,True,7.5,91.6,68.98,86.2
Female,Economics,20,False,22.4,85.2,77.39,78.8
Male,Economics,24,False,3.9,85.2,70.36,59.5
Male,Physics,22,False,20.3,71.3,75.25,73.2
Female,Mathematics,23,False,8.1,92.4,72.42,59.8
Female,Mathematics,20,False,16.9,79.7,74.58,64.3
Female,Computer Science,18,False,15.4,88.3,67.59,86.9
Female,Mathematics,21,False,17.4,76.9,62.79,71.6
Female,Computer Science,21,True,15.8,96.7,77.5,79.6
Male,Economics,19,False,15.6,89.8,80.92,80.2
Male,Biology,19,True,14.8,96.4,86.76,68.0
Male,Biology,22,False,15.3,87.1,69.13,73.4
Female,Biology,23,True,17.3,64.4,74.91,69.8
Male,Physics,24,False,15.8,90.4,85.63,79.7
Male,Computer Science,23,False,16.6,96.4,60.62,78.7
Female,Mathematics,21,False,11.0,86.8,73.17,83.3
Female,Biology,20,True,14.4,99.0,69.04,65.7
Male,Economics,19,False,16.1,94.8,67.65,48.0
Male,Physics,20,False,20.0,79.5,66.44,71.6
Male,Biology,22,False,16.0,91.9,79.93,77.4
Male,Computer Science,22,False,15.2,82.8,68.39,74.0
Female,Physics,18,False,24.7,78.6,93.44,90.4
Female,Mathematics,22,False,15.8,68.0,74.49,55.6
Male,Mathematics,22,False,13.8,94.6,103.3,85.8
Female,Computer Science,21,False,14.8,85.6,72.19,100.0
Male,Computer Science,21,False,22.0,85.6,80.68,71.0
Female,Computer Science,19,False,15.1,90.7,74.755,91.0
Male,Physics,18,False,13.5,100.8,73.63,42.6
Male,Physics,22,True,14.9,87.8,74.755,77.9
Male,Biology,22,False,3.1,97.7,74.96,69.5
Female,Computer Science,20,False,9.6,80.9,72.08,90.9
Male,Mathematics,21,False,11.1,84.9,66.83,94.6
Male,Mathematics,19,False,10.3,82.8,78.69,66.3
Male,Mathematics,24,False,13.3,90.6,77.58,52.3
Male,Computer Science,20,False,10.3,98.5,79.76,63.1
Female,Biology,23,True,7.1,104.8,43.0,60.0
Male,Mathematics,18,True,13.1,75.8,74.1,74.4
Female,Computer Science,18,False,14.8,80.5,57.73,44.6
Male,Economics,19,False,14.4,92.4,66.04,65.7
Female,Physics,18,False,14.7,98.7,74.43,63.4
Male,Mathematics,24,False,10.9,96.6,74.14,82.9
Female,Biology,18,False,11.0,69.7,63.42,69.0
Female,Physics,23,True,14.8,73.5,63.36,100.0
Female,Mathematics,22,True,18.2,85.2,82.46,80.8
Male,Economics,20,True,7.1,75.3,57.0,77.6
Male,Mathematics,22,True,14.8,68.0,73.08,47.3
Female,Economics,24,False,13.7,96.8,63.28,64.7
Female,Computer Science,19,False,14.7,80.6,74.755,80.9
Female,Computer Science,23,True,19.0,74.8,74.32,68.0
Male,Mathematics,23,True,20.4,91.0,65.8,83.4
Male,Physics,23,False,13.5,86.0,77.66,65.0
Male,Computer Science,18,False,13.2,91.3,88.18,72.8
Female,Computer Science,24,False,11.5,93.1,76.28,41.6
Male,Computer Science,23,True,16.2,66.7,72.35,83.8
Female,Computer Science,18,True,18.9,87.9,94.82,85.0
Male,Physics,20,False,7.9,80.7,67.71,56.8
Male,Physics,23,False,20.5,84.4,69.87,85.6
Male,Computer Science,18,False,11.4,85.2,72.14,37.1
Male,Physics,21,False,16.5,75.7,76.98,99.5
Male,Mathematics,18,True,10.8,91.0,74.755,72.8
Female,Economics,20,True,12.0,66.3,80.52,91.7
Female,Economics,24,False,14.5,79.7,74.755,70.0
Male,Mathematics,18,False,12.9,78.2,72.33,83.2
Female,Biology,20,True,13.0,69.8,76.98,72.7
Female,Mathematics,20,True,21.0,77.7,61.29,93.2
Female,Economics,23,False,13.1,82.0,63.58,47.4
Male,Physics,21,True,20.0,85.2,103.96,71.4
Male,Physics,18,False,17.2,74.2,80.77,60.5
Female,Economics,21,False,12.0,97.1,87.15,79.8
Female,Biology,24,False,11.0,76.8,78.7,86.8
Male,Computer Science,23,False,14.9,91.8,77.57,50.1
Male,Biology,18,False,14.8,92.5,80.15,82.4
Female,Computer Science,20,False,8.8,87.4,68.77,61.4
Male,Biology,24,False,7.3,91.3,50.61,98.2
Male,Physics,22,False,18.4,86.5,77.26,83.5
Female,Mathematics,23,False,17.3,82.2,51.02,78.6
Male,Computer Science,18,False,15.3,77.4,67.68,75.5
Male,Biology,23,False,7.9,101.6,60.54,78.3
Female,Biology,24,False,5.3,85.6,84.9,37.1
Male,Biology,19,True,18.6,81.9,78.76,62.0
Female,Computer Science,20,True,20.4,75.9,61.87,74.5
Male,Computer Science,24,False,22.3,99.1,72.99,100.0
Female,Physics,18,True,12.1,61.0,90.46,46.7
Female,Mathematics,18,False,26.8,70.5,85.95,89.6
Male,Computer Science,18,False,10.6,104.1,60.29,58.9
Female,Computer Science,23,False,21.4,60.6,68.78,63.2
Female,Physics,21,False,10.9,79.2,62.8,79.4
Male,Physics,24,False,22.8,105.4,74.68,70.5
Female,Biology,19,False,13.3,82.7,78.21,98.4
Male,Mathematics,22,False,13.3,87.4,76.93,97.1
Male,Physics,22,False,17.2,86.4,67.15,94.9
Female,Biology,21,False,14.2,88.9,74.755,40.4
Male,Physics,18,False,16.2,78.8,105.82,63.6
Male,Computer Science,22,False,12.2,92.2,62.63,57.3
Female,Physics,23,False,17.2,89.3,84.37,89.2
Female,Economics,18,True,1.9,84.2,86.3,96.4
Female,Physics,21,False,15.6,77.1,86.08,91.0
Male,Economics,18,False,17.0,83.2,91.18,89.3
Male,Mathematics,22,False,12.0,96.3,66.99,32.4
Female,Physics,24,False,19.0,94.0,65.55,71.2
Male,Computer Science,24,False,28.3,94.5,78.85,89.0
Female,Physics,23,False,11.2,75.5,63.2,87.8
Male,Computer Science,18,True,17.9,75.4,83.51,78.4
Male,Mathematics,24,False,5.3,84.1,60.6,56.2
Male,Economics,23,True,20.9,97.1,75.96,89.2
Female,Mathematics,20,True,14.1,85.2,73.24,66.5
Male,Biology,24,False,12.2,74.6,83.39,73.8
Female,Physics,18,False,17.0,88.3,71.36,78.0
Female,Computer Science,19,False,3.2,100.3,72.88,67.2
Male,Computer Science,21,False,14.4,84.6,79.31,93.1
Female,Physics,18,True,14.9,89.7,74.45,73.0
Male,Mathematics,20,True,14.2,84.0,47.96,72.2
Female,Physics,19,False,16.0,87.9,62.27,30.0
Female,Computer Science,21,False,14.3,75.7,78.48,92.3
Female,Biology,19,False,14.8,96.2,83.58,73.4
Female,Mathematics,21,True,10.4,88.2,60.25,59.3
Male,Physics,18,False,20.4,86.9,53.24,72.8
Female,Biology,23,False,16.7,80.0,73.4,81.7
Female,Economics,18,False,16.3,101.8,92.88,57.3
Female,Biology,22,False,13.9,89.2,72.33,78.9
Female,Physics,19,True,4.5,81.0,74.64,68.2
Male,Physics,23,True,13.7,91.2,50.27,56.8
